{
    "STO/12/0": [
        699779.984386, 
        0.015264068649434694
    ], 
    "STO/12/1": [
        701028.731333, 
        0.015274788660021379
    ], 
    "STO/12/2": [
        700421.386652, 
        0.015402273459626848
    ], 
    "STO/13/0": [
        615707.334575, 
        0.014701383374256218
    ], 
    "STO/13/1": [
        700783.267276, 
        0.01473341907868707
    ], 
    "STO/13/2": [
        699500.30721, 
        0.014250699724465304
    ], 
    "STO/24/0": [
        1083900.248676, 
        0.014537365892783797
    ], 
    "STO/24/1": [
        1307065.806773, 
        0.01503852991006774
    ], 
    "STO/24/2": [
        1220659.933239, 
        0.014694286795280771
    ], 
    "STO/4/0": [
        246805.616185, 
        0.01511074800323799
    ], 
    "STO/4/1": [
        246815.977119, 
        0.015393625202223623
    ], 
    "STO/4/2": [
        246449.512615, 
        0.01552468083673478
    ], 
    "STO/O gv7/12/0": [
        306744.971454, 
        0.01247321996762297
    ], 
    "STO/O gv7/12/1": [
        304950.341522, 
        0.012972752893707955
    ], 
    "STO/O gv7/12/2": [
        307460.996667, 
        0.011544501321965054
    ], 
    "STO/O gv7/13/0": [
        294682.613781, 
        0.012112926292800053
    ], 
    "STO/O gv7/13/1": [
        273873.862043, 
        0.01207173192716911
    ], 
    "STO/O gv7/13/2": [
        306928.296754, 
        0.012161781790340198
    ], 
    "STO/O gv7/24/0": [
        507087.120555, 
        0.011508352685174663
    ], 
    "STO/O gv7/24/1": [
        590075.582053, 
        0.012786962542926578
    ], 
    "STO/O gv7/24/2": [
        516804.206794, 
        0.011852509164329285
    ], 
    "STO/O gv7/4/0": [
        104909.228581, 
        0.013152414868505888
    ], 
    "STO/O gv7/4/1": [
        105053.890063, 
        0.012341209608410989
    ], 
    "STO/O gv7/4/2": [
        105083.664539, 
        0.012432773006859308
    ], 
    "STO/O-/12/0": [
        696417.355625, 
        0.01518458411485833
    ], 
    "STO/O-/12/1": [
        698365.052363, 
        0.015419019424616024
    ], 
    "STO/O-/12/2": [
        697581.928333, 
        0.015388565386116994
    ], 
    "STO/O-/13/0": [
        656560.377226, 
        0.014680086107254312
    ], 
    "STO/O-/13/1": [
        681124.594429, 
        0.01490908660129338
    ], 
    "STO/O-/13/2": [
        670612.180654, 
        0.015281873097134774
    ], 
    "STO/O-/24/0": [
        974983.290512, 
        0.01364175198011599
    ], 
    "STO/O-/24/1": [
        1258076.549101, 
        0.014734168267017744
    ], 
    "STO/O-/24/2": [
        1203976.627804, 
        0.014430189417313742
    ], 
    "STO/O-/4/0": [
        245564.265767, 
        0.014942856969281278
    ], 
    "STO/O-/4/1": [
        245326.747587, 
        0.014862248253952229
    ], 
    "STO/O-/4/2": [
        245917.339802, 
        0.01536856926971256
    ], 
    "STO/O/12/0": [
        641778.197323, 
        0.005463555680979116
    ], 
    "STO/O/12/1": [
        640474.630191, 
        0.005245725886517648
    ], 
    "STO/O/12/2": [
        640289.271673, 
        0.005481489474772375
    ], 
    "STO/O/13/0": [
        606111.80476, 
        0.005251647141357818
    ], 
    "STO/O/13/1": [
        626040.508717, 
        0.005430491512609195
    ], 
    "STO/O/13/2": [
        628961.32183, 
        0.005235768492909079
    ], 
    "STO/O/24/0": [
        922759.914367, 
        0.0053438075313507844
    ], 
    "STO/O/24/1": [
        972445.9416, 
        0.00508616922796152
    ], 
    "STO/O/24/2": [
        834264.534875, 
        0.005049597686031131
    ], 
    "STO/O/4/0": [
        224755.036486, 
        0.004893948024911716
    ], 
    "STO/O/4/1": [
        224751.751489, 
        0.004879190416094154
    ], 
    "STO/O/4/2": [
        225530.16441, 
        0.00545347814529658
    ], 
    "TicToc/12/0": [
        551454.089227, 
        0.01309639512627276
    ], 
    "TicToc/12/1": [
        552485.392651, 
        0.013717639644991158
    ], 
    "TicToc/12/2": [
        552734.841264, 
        0.013608913208040278
    ], 
    "TicToc/13/0": [
        367976.206011, 
        0.0111760653619428
    ], 
    "TicToc/13/1": [
        548603.301492, 
        0.01322521430631091
    ], 
    "TicToc/13/2": [
        471123.49852, 
        0.012528313397373304
    ], 
    "TicToc/24/0": [
        775739.226802, 
        0.012231501965519255
    ], 
    "TicToc/24/1": [
        1005865.647001, 
        0.01311094753089071
    ], 
    "TicToc/24/2": [
        1027588.507744, 
        0.01338836442285183
    ], 
    "TicToc/4/0": [
        199727.441672, 
        0.013449773497048883
    ], 
    "TicToc/4/1": [
        200736.695825, 
        0.01296714092712578
    ], 
    "TicToc/4/2": [
        200047.87978, 
        0.013728098191603321
    ], 
    "TicToc/O/12/0": [
        394267.125763, 
        0.01590002787867116
    ], 
    "TicToc/O/12/1": [
        395318.503817, 
        0.016161187657022208
    ], 
    "TicToc/O/12/2": [
        394802.923864, 
        0.016241366322988192
    ], 
    "TicToc/O/13/0": [
        317372.244419, 
        0.014879793019611546
    ], 
    "TicToc/O/13/1": [
        258232.218496, 
        0.013815433158071204
    ], 
    "TicToc/O/13/2": [
        335234.689998, 
        0.015737013220889037
    ], 
    "TicToc/O/24/0": [
        723888.394206, 
        0.0156254733486461
    ], 
    "TicToc/O/24/1": [
        743709.624368, 
        0.015746665959601627
    ], 
    "TicToc/O/24/2": [
        742755.18364, 
        0.015677339363231096
    ], 
    "TicToc/O/4/0": [
        139745.19341, 
        0.016002671154537757
    ], 
    "TicToc/O/4/1": [
        139720.670724, 
        0.01612469613733482
    ], 
    "TicToc/O/4/2": [
        139454.105459, 
        0.01660946954684204
    ]
}