{
    "STO/12/0": [
        421859.068539, 
        33.02227048676145
    ], 
    "STO/12/1": [
        421183.219516, 
        33.075509260672106
    ], 
    "STO/12/2": [
        418638.299325, 
        33.19494914830784
    ], 
    "STO/16/0": [
        390327.017529, 
        40.92381329155305
    ], 
    "STO/16/1": [
        385821.23636, 
        41.14151391881717
    ], 
    "STO/16/2": [
        388843.0069, 
        40.84525897264771
    ], 
    "STO/4/0": [
        247760.978611, 
        0.01476987640249095
    ], 
    "STO/4/1": [
        241621.086958, 
        0.01424884190101816
    ], 
    "STO/4/2": [
        247348.753244, 
        0.015212303937037663
    ], 
    "STO/8/0": [
        363147.720168, 
        19.810354100477777
    ], 
    "STO/8/1": [
        362675.813031, 
        19.7539994958464
    ], 
    "STO/8/2": [
        363124.34605, 
        19.865740068175107
    ], 
    "STO/O gv7/12/0": [
        300153.225776, 
        17.15117883798567
    ], 
    "STO/O gv7/12/1": [
        300325.445653, 
        17.098616840654294
    ], 
    "STO/O gv7/12/2": [
        299774.832026, 
        17.119494171709217
    ], 
    "STO/O gv7/16/0": [
        290059.496063, 
        19.850746818552167
    ], 
    "STO/O gv7/16/1": [
        290244.146824, 
        19.71645624249661
    ], 
    "STO/O gv7/16/2": [
        290265.992079, 
        19.814569609564316
    ], 
    "STO/O gv7/4/0": [
        105293.145038, 
        0.011838331145480708
    ], 
    "STO/O gv7/4/1": [
        104970.212352, 
        0.0121606255880946
    ], 
    "STO/O gv7/4/2": [
        104978.270781, 
        0.012159517938188279
    ], 
    "STO/O gv7/8/0": [
        214168.931281, 
        10.001311064891128
    ], 
    "STO/O gv7/8/1": [
        214309.580453, 
        10.03830501965471
    ], 
    "STO/O gv7/8/2": [
        214600.595674, 
        10.146627181151722
    ], 
    "STO/O-/12/0": [
        419238.993014, 
        33.00860986445165
    ], 
    "STO/O-/12/1": [
        420504.836065, 
        33.076335006764864
    ], 
    "STO/O-/12/2": [
        419918.970441, 
        33.15226348544039
    ], 
    "STO/O-/16/0": [
        388014.22624, 
        40.546703018553835
    ], 
    "STO/O-/16/1": [
        388123.96526, 
        40.90288266377869
    ], 
    "STO/O-/16/2": [
        384997.161099, 
        40.467987162201055
    ], 
    "STO/O-/4/0": [
        245865.100223, 
        0.015669999454501475
    ], 
    "STO/O-/4/1": [
        245845.002446, 
        0.015766184229267156
    ], 
    "STO/O-/4/2": [
        245805.828935, 
        0.015090682190873877
    ], 
    "STO/O-/8/0": [
        363221.832523, 
        19.903324997683256
    ], 
    "STO/O-/8/1": [
        363460.148162, 
        19.892103849240033
    ], 
    "STO/O-/8/2": [
        361282.193015, 
        19.848765465280728
    ], 
    "STO/O/12/0": [
        402556.376562, 
        29.719786456701698
    ], 
    "STO/O/12/1": [
        403258.872976, 
        29.891639892615295
    ], 
    "STO/O/12/2": [
        404179.662516, 
        29.868049513583905
    ], 
    "STO/O/16/0": [
        361877.124528, 
        34.879891005338564
    ], 
    "STO/O/16/1": [
        361491.301635, 
        34.750310526908955
    ], 
    "STO/O/16/2": [
        361577.82688, 
        34.84481368868925
    ], 
    "STO/O/4/0": [
        225332.010943, 
        0.005576604566373666
    ], 
    "STO/O/4/1": [
        225250.623005, 
        0.00535668424299189
    ], 
    "STO/O/4/2": [
        225540.424203, 
        0.005069017887238093
    ], 
    "STO/O/8/0": [
        311090.394359, 
        16.80633541355653
    ], 
    "STO/O/8/1": [
        311535.368778, 
        16.766871546949634
    ], 
    "STO/O/8/2": [
        312085.452273, 
        16.847253969080388
    ], 
    "TicToc/12/0": [
        369874.865012, 
        17.490529806620533
    ], 
    "TicToc/12/1": [
        370002.137945, 
        17.46407719286376
    ], 
    "TicToc/12/2": [
        369593.736959, 
        17.46553891356571
    ], 
    "TicToc/16/0": [
        349295.650614, 
        22.33650792235438
    ], 
    "TicToc/16/1": [
        349923.440811, 
        22.33730034370405
    ], 
    "TicToc/16/2": [
        350688.943856, 
        22.300130650752536
    ], 
    "TicToc/4/0": [
        200268.11882, 
        0.01289765354215036
    ], 
    "TicToc/4/1": [
        199071.952018, 
        0.012506403675211332
    ], 
    "TicToc/4/2": [
        199852.500885, 
        0.013674800726828506
    ], 
    "TicToc/8/0": [
        314674.917193, 
        10.586727457506134
    ], 
    "TicToc/8/1": [
        306723.800965, 
        10.631747649876292
    ], 
    "TicToc/8/2": [
        313988.975484, 
        10.60086711430315
    ], 
    "TicToc/O/12/0": [
        257949.733356, 
        21.962690944569594
    ], 
    "TicToc/O/12/1": [
        257670.025116, 
        22.058083790821797
    ], 
    "TicToc/O/12/2": [
        258512.983666, 
        22.042604682364058
    ], 
    "TicToc/O/16/0": [
        239885.964694, 
        24.688744726768842
    ], 
    "TicToc/O/16/1": [
        242494.125563, 
        25.34761856090592
    ], 
    "TicToc/O/16/2": [
        241942.563224, 
        25.223366699379305
    ], 
    "TicToc/O/4/0": [
        139513.120256, 
        0.016363687945571814
    ], 
    "TicToc/O/4/1": [
        139236.769648, 
        0.01510376982342638
    ], 
    "TicToc/O/4/2": [
        138995.443635, 
        0.01611291719227361
    ], 
    "TicToc/O/8/0": [
        217994.130776, 
        13.74488004389038
    ], 
    "TicToc/O/8/1": [
        218206.005714, 
        13.71615781202013
    ], 
    "TicToc/O/8/2": [
        218181.89515, 
        13.745868529183094
    ]
}