{
    "STO/12/0": [
        419902.083111, 
        33.0162516735459
    ], 
    "STO/12/1": [
        421173.237412, 
        32.97502351883628
    ], 
    "STO/12/2": [
        420937.657111, 
        33.04094088176439
    ], 
    "STO/13/0": [
        392244.301202, 
        33.668073607326676
    ], 
    "STO/13/1": [
        392279.709283, 
        33.338236781898914
    ], 
    "STO/13/2": [
        389899.607863, 
        33.37396566827168
    ], 
    "STO/24/0": [
        378079.01473, 
        42.521061428421824
    ], 
    "STO/24/1": [
        364586.791537, 
        41.991822438559495
    ], 
    "STO/24/2": [
        369094.624765, 
        42.422371006346175
    ], 
    "STO/4/0": [
        246897.089377, 
        0.015037673036302485
    ], 
    "STO/4/1": [
        247969.611641, 
        0.015174201074879821
    ], 
    "STO/4/2": [
        247871.976597, 
        0.015852371690576583
    ], 
    "STO/O gv7/12/0": [
        299577.662737, 
        17.090789871562624
    ], 
    "STO/O gv7/12/1": [
        299660.024769, 
        16.995989223315924
    ], 
    "STO/O gv7/12/2": [
        300477.883234, 
        17.038254779732586
    ], 
    "STO/O gv7/13/0": [
        265458.259709, 
        16.796566600844724
    ], 
    "STO/O gv7/13/1": [
        261494.439743, 
        16.9784227478039
    ], 
    "STO/O gv7/13/2": [
        272468.541302, 
        16.66463110662552
    ], 
    "STO/O gv7/24/0": [
        270152.353236, 
        18.707965187585298
    ], 
    "STO/O gv7/24/1": [
        265897.235394, 
        18.79181342311272
    ], 
    "STO/O gv7/24/2": [
        276457.696481, 
        18.453970249900497
    ], 
    "STO/O gv7/4/0": [
        103465.029577, 
        0.012079695059285248
    ], 
    "STO/O gv7/4/1": [
        104802.986904, 
        0.012847731017448167
    ], 
    "STO/O gv7/4/2": [
        104610.243671, 
        0.01232977290925007
    ], 
    "STO/O-/12/0": [
        413464.104426, 
        33.33904416207783
    ], 
    "STO/O-/12/1": [
        416898.444298, 
        32.698188318453475
    ], 
    "STO/O-/12/2": [
        421239.04631, 
        33.073643675401186
    ], 
    "STO/O-/13/0": [
        398799.822458, 
        33.50188865359836
    ], 
    "STO/O-/13/1": [
        401890.406401, 
        33.556009722002344
    ], 
    "STO/O-/13/2": [
        369084.782349, 
        32.32565810395512
    ], 
    "STO/O-/24/0": [
        377192.554406, 
        42.42127219725121
    ], 
    "STO/O-/24/1": [
        379778.305746, 
        42.58878882069021
    ], 
    "STO/O-/24/2": [
        386655.3887, 
        42.64184069726945
    ], 
    "STO/O-/4/0": [
        246122.192519, 
        0.014732959068552853
    ], 
    "STO/O-/4/1": [
        245931.293309, 
        0.015787754211303413
    ], 
    "STO/O-/4/2": [
        245575.822416, 
        0.015484933011514731
    ], 
    "STO/O/12/0": [
        402140.449699, 
        29.816314102776534
    ], 
    "STO/O/12/1": [
        401750.433832, 
        29.81451029508662
    ], 
    "STO/O/12/2": [
        401361.847134, 
        29.97871823118634
    ], 
    "STO/O/13/0": [
        372403.789857, 
        29.314704328699687
    ], 
    "STO/O/13/1": [
        376830.576045, 
        29.330692849507386
    ], 
    "STO/O/13/2": [
        378096.655187, 
        29.242187752401364
    ], 
    "STO/O/24/0": [
        324302.428887, 
        33.09662898299214
    ], 
    "STO/O/24/1": [
        323526.784396, 
        33.04846710551907
    ], 
    "STO/O/24/2": [
        320799.608552, 
        33.30936952213412
    ], 
    "STO/O/4/0": [
        225817.803154, 
        0.005343221431991545
    ], 
    "STO/O/4/1": [
        224796.383011, 
        0.004967178824585753
    ], 
    "STO/O/4/2": [
        225618.155655, 
        0.005008189630937313
    ], 
    "TicToc/12/0": [
        368593.872648, 
        17.590077875737133
    ], 
    "TicToc/12/1": [
        369149.844447, 
        17.491007622973072
    ], 
    "TicToc/12/2": [
        369847.532769, 
        17.475577382876466
    ], 
    "TicToc/13/0": [
        351548.283181, 
        17.692305170929636
    ], 
    "TicToc/13/1": [
        332701.598604, 
        17.071645447860927
    ], 
    "TicToc/13/2": [
        302747.331371, 
        16.146516802654283
    ], 
    "TicToc/24/0": [
        407908.954426, 
        27.525083610049172
    ], 
    "TicToc/24/1": [
        386750.335714, 
        27.76721592385735
    ], 
    "TicToc/24/2": [
        359267.838352, 
        27.805535102785615
    ], 
    "TicToc/4/0": [
        200272.30545, 
        0.013196895385452026
    ], 
    "TicToc/4/1": [
        199618.175357, 
        0.012505580589205055
    ], 
    "TicToc/4/2": [
        199749.221354, 
        0.01281435860844595
    ], 
    "TicToc/O/12/0": [
        257631.80202, 
        21.97806912252914
    ], 
    "TicToc/O/12/1": [
        258404.273645, 
        21.954631356324267
    ], 
    "TicToc/O/12/2": [
        257797.398519, 
        22.019857967774602
    ], 
    "TicToc/O/13/0": [
        222924.896706, 
        20.753790506273788
    ], 
    "TicToc/O/13/1": [
        235413.941879, 
        21.130680081489636
    ], 
    "TicToc/O/13/2": [
        218021.88831, 
        20.6593446315602
    ], 
    "TicToc/O/24/0": [
        221405.241203, 
        23.62699652631507
    ], 
    "TicToc/O/24/1": [
        225555.649514, 
        23.82469274570065
    ], 
    "TicToc/O/24/2": [
        211405.192196, 
        23.808327072485067
    ], 
    "TicToc/O/4/0": [
        138967.779806, 
        0.015804373049416502
    ], 
    "TicToc/O/4/1": [
        139320.925885, 
        0.01660144907721666
    ], 
    "TicToc/O/4/2": [
        139598.278288, 
        0.017236761106504638
    ]
}