{
    "STO/12/0": 422194.338257, 
    "STO/12/1": 421079.946729, 
    "STO/12/2": 422727.810747, 
    "STO/16/0": 387673.542294, 
    "STO/16/1": 388023.809106, 
    "STO/16/2": 390084.124574, 
    "STO/4/0": 247561.153292, 
    "STO/4/1": 248119.474941, 
    "STO/4/2": 247269.008508, 
    "STO/8/0": 363601.000519, 
    "STO/8/1": 361591.341873, 
    "STO/8/2": 362617.782726, 
    "STO/O gv7-/12/0": 599485.72415, 
    "STO/O gv7-/12/1": 599239.910233, 
    "STO/O gv7-/12/2": 602156.188413, 
    "STO/O gv7-/16/0": 569167.727215, 
    "STO/O gv7-/16/1": 578474.013781, 
    "STO/O gv7-/16/2": 579676.954649, 
    "STO/O gv7-/4/0": 247668.712434, 
    "STO/O gv7-/4/1": 247678.705362, 
    "STO/O gv7-/4/2": 248127.207741, 
    "STO/O gv7-/8/0": 447422.031761, 
    "STO/O gv7-/8/1": 448451.940228, 
    "STO/O gv7-/8/2": 448343.374915, 
    "STO/O gv7/12/0": 299631.871518, 
    "STO/O gv7/12/1": 300443.088037, 
    "STO/O gv7/12/2": 299137.557996, 
    "STO/O gv7/16/0": 289915.494411, 
    "STO/O gv7/16/1": 290309.678888, 
    "STO/O gv7/16/2": 290690.012253, 
    "STO/O gv7/4/0": 105091.513009, 
    "STO/O gv7/4/1": 105030.353143, 
    "STO/O gv7/4/2": 105085.644854, 
    "STO/O gv7/8/0": 215004.840587, 
    "STO/O gv7/8/1": 214468.879872, 
    "STO/O gv7/8/2": 214837.605051, 
    "STO/O-/12/0": 420394.882496, 
    "STO/O-/12/1": 420105.716087, 
    "STO/O-/12/2": 420069.991677, 
    "STO/O-/16/0": 389850.591408, 
    "STO/O-/16/1": 387733.729943, 
    "STO/O-/16/2": 388987.754109, 
    "STO/O-/4/0": 244438.497802, 
    "STO/O-/4/1": 245897.907125, 
    "STO/O-/4/2": 245677.193756, 
    "STO/O-/8/0": 362444.995058, 
    "STO/O-/8/1": 362788.908552, 
    "STO/O-/8/2": 362927.837343, 
    "STO/O/12/0": 403069.205095, 
    "STO/O/12/1": 403099.58865, 
    "STO/O/12/2": 402494.269049, 
    "STO/O/16/0": 362140.797376, 
    "STO/O/16/1": 361755.945774, 
    "STO/O/16/2": 364191.816633, 
    "STO/O/4/0": 224771.723999, 
    "STO/O/4/1": 225258.76381, 
    "STO/O/4/2": 225839.351407, 
    "STO/O/8/0": 312237.40772, 
    "STO/O/8/1": 312080.149334, 
    "STO/O/8/2": 312955.929628, 
    "TicToc/12/0": 375880.412673, 
    "TicToc/12/1": 375493.365369, 
    "TicToc/12/2": 375669.846535, 
    "TicToc/16/0": 350858.207051, 
    "TicToc/16/1": 351948.110994, 
    "TicToc/16/2": 350621.451552, 
    "TicToc/4/0": 200548.117314, 
    "TicToc/4/1": 200585.410738, 
    "TicToc/4/2": 200487.717529, 
    "TicToc/8/0": 318781.536619, 
    "TicToc/8/1": 319420.47905, 
    "TicToc/8/2": 319771.149163
}