{
    "STO/12/0": [
        703259.567168, 
        0.015344867556450897
    ], 
    "STO/12/1": [
        702309.891184, 
        0.014895922375935513
    ], 
    "STO/12/2": [
        703631.798938, 
        0.014839550035126917
    ], 
    "STO/16/0": [
        761022.68966, 
        0.015235492976253892
    ], 
    "STO/16/1": [
        757298.923184, 
        0.015464467837937946
    ], 
    "STO/16/2": [
        760158.51827, 
        0.015257223634796396
    ], 
    "STO/4/0": [
        247400.280185, 
        0.014697288574852804
    ], 
    "STO/4/1": [
        246790.630574, 
        0.015192692152797213
    ], 
    "STO/4/2": [
        246105.742265, 
        0.015397445035392986
    ], 
    "STO/8/0": [
        482353.33372, 
        0.014730928017218052
    ], 
    "STO/8/1": [
        481952.363072, 
        0.014715519911744203
    ], 
    "STO/8/2": [
        483207.821657, 
        0.015049720580208795
    ], 
    "STO/O gv7/12/0": [
        306189.635053, 
        0.012561128095335557
    ], 
    "STO/O gv7/12/1": [
        305141.459578, 
        0.011490325790690927
    ], 
    "STO/O gv7/12/2": [
        305627.704964, 
        0.01179920927400421
    ], 
    "STO/O gv7/16/0": [
        325462.985632, 
        0.012308792455640557
    ], 
    "STO/O gv7/16/1": [
        326520.428864, 
        0.012422029176740984
    ], 
    "STO/O gv7/16/2": [
        325493.388132, 
        0.011928794936422744
    ], 
    "STO/O gv7/4/0": [
        105039.929158, 
        0.011930395272783887
    ], 
    "STO/O gv7/4/1": [
        104699.284855, 
        0.01289219367787908
    ], 
    "STO/O gv7/4/2": [
        104775.582559, 
        0.012373855856190068
    ], 
    "STO/O gv7/8/0": [
        207504.521655, 
        0.012479834937740035
    ], 
    "STO/O gv7/8/1": [
        207709.739169, 
        0.012756328008895179
    ], 
    "STO/O gv7/8/2": [
        205621.395905, 
        0.01183234398490937
    ], 
    "STO/O-/12/0": [
        698507.172742, 
        0.015563801280199277
    ], 
    "STO/O-/12/1": [
        696683.038534, 
        0.015327101580494404
    ], 
    "STO/O-/12/2": [
        696263.864906, 
        0.015575618738875821
    ], 
    "STO/O-/16/0": [
        713699.507281, 
        0.017109292524942962
    ], 
    "STO/O-/16/1": [
        756783.127159, 
        0.01560263774186571
    ], 
    "STO/O-/16/2": [
        756442.888843, 
        0.015512766715917232
    ], 
    "STO/O-/4/0": [
        245982.149241, 
        0.015486436646235769
    ], 
    "STO/O-/4/1": [
        246147.324657, 
        0.01527297379772306
    ], 
    "STO/O-/4/2": [
        245934.693836, 
        0.014784868573814555
    ], 
    "STO/O-/8/0": [
        479211.693808, 
        0.015015252153887878
    ], 
    "STO/O-/8/1": [
        478643.35339, 
        0.015436843910790813
    ], 
    "STO/O-/8/2": [
        478323.247019, 
        0.014855057032129118
    ], 
    "STO/O/12/0": [
        641517.262721, 
        0.00529434291192057
    ], 
    "STO/O/12/1": [
        642343.727568, 
        0.00540168560316999
    ], 
    "STO/O/12/2": [
        639708.790863, 
        0.005220730087542335
    ], 
    "STO/O/16/0": [
        692425.627896, 
        0.005063942591777883
    ], 
    "STO/O/16/1": [
        691664.318958, 
        0.005088765003884262
    ], 
    "STO/O/16/2": [
        692556.797838, 
        0.0053565176034584905
    ], 
    "STO/O/4/0": [
        225035.818092, 
        0.005169245388192696
    ], 
    "STO/O/4/1": [
        225040.728151, 
        0.005169144160931197
    ], 
    "STO/O/4/2": [
        224696.756274, 
        0.006408199860930114
    ], 
    "STO/O/8/0": [
        439537.155313, 
        0.005725301684053749
    ], 
    "STO/O/8/1": [
        439332.122572, 
        0.005310736603700164
    ], 
    "STO/O/8/2": [
        439463.572772, 
        0.005726271406204644
    ], 
    "STO/gTID/12/0": [
        701754.939754, 
        0.015525000553379754
    ], 
    "STO/gTID/12/1": [
        702919.470517, 
        0.01576471110971662
    ], 
    "STO/gTID/12/2": [
        700523.872245, 
        0.01519551858228609
    ], 
    "STO/gTID/16/0": [
        758800.186969, 
        0.015416372483627568
    ], 
    "STO/gTID/16/1": [
        757840.682723, 
        0.015624810370769647
    ], 
    "STO/gTID/16/2": [
        759063.269391, 
        0.015380124877274606
    ], 
    "STO/gTID/4/0": [
        247609.585119, 
        0.015317404858979113
    ], 
    "STO/gTID/4/1": [
        246909.109903, 
        0.0151178986601484
    ], 
    "STO/gTID/4/2": [
        246853.883865, 
        0.014756809599846547
    ], 
    "STO/gTID/8/0": [
        481069.688262, 
        0.01494342494989242
    ], 
    "STO/gTID/8/1": [
        482264.948291, 
        0.014830379802001858
    ], 
    "STO/gTID/8/2": [
        481099.004248, 
        0.015115661514774963
    ], 
    "TicToc/12/0": [
        552411.241572, 
        0.012772393794905867
    ], 
    "TicToc/12/1": [
        548075.275999, 
        0.013451020429326535
    ], 
    "TicToc/12/2": [
        552069.189191, 
        0.01328734788318237
    ], 
    "TicToc/16/0": [
        604632.799675, 
        0.01376920986819197
    ], 
    "TicToc/16/1": [
        604361.111533, 
        0.013659583229268179
    ], 
    "TicToc/16/2": [
        602537.49717, 
        0.013429981252478147
    ], 
    "TicToc/4/0": [
        199796.101257, 
        0.013144927314285917
    ], 
    "TicToc/4/1": [
        199872.334184, 
        0.013089889074461465
    ], 
    "TicToc/4/2": [
        199885.900475, 
        0.012505519185599447
    ], 
    "TicToc/8/0": [
        379858.529271, 
        0.01316965528422795
    ], 
    "TicToc/8/1": [
        382077.546828, 
        0.013162957503947265
    ], 
    "TicToc/8/2": [
        382335.54337, 
        0.013119212557247024
    ], 
    "TicToc/O/12/0": [
        394665.013631, 
        0.015816523696468913
    ], 
    "TicToc/O/12/1": [
        393576.938893, 
        0.01630041815796829
    ], 
    "TicToc/O/12/2": [
        395162.64164, 
        0.016741028696994932
    ], 
    "TicToc/O/16/0": [
        425252.37024, 
        0.016833797838028977
    ], 
    "TicToc/O/16/1": [
        425474.467834, 
        0.016989352020995923
    ], 
    "TicToc/O/16/2": [
        424739.396516, 
        0.017866027435499577
    ], 
    "TicToc/O/4/0": [
        139734.284026, 
        0.016123081122317463
    ], 
    "TicToc/O/4/1": [
        139747.986063, 
        0.016646066045420987
    ], 
    "TicToc/O/4/2": [
        139637.654073, 
        0.015776296254054446
    ], 
    "TicToc/O/8/0": [
        270416.798317, 
        0.015812313061198194
    ], 
    "TicToc/O/8/1": [
        269850.946963, 
        0.015339247499772354
    ], 
    "TicToc/O/8/2": [
        270136.074807, 
        0.01569311586393063
    ]
}