{
    "abort/h-large/12/0": [
        851997.3240813718, 
        26.878, 
        0.0
    ], 
    "abort/h-large/12/1": [
        852741.3172209108, 
        27.058, 
        0.0
    ], 
    "abort/h-large/12/2": [
        853824.0558652991, 
        26.991, 
        0.0
    ], 
    "abort/h-large/13/0": [
        598999.549094569, 
        23.978, 
        0.0
    ], 
    "abort/h-large/13/1": [
        585865.3243915371, 
        24.517, 
        0.0
    ], 
    "abort/h-large/13/2": [
        597786.8094242313, 
        23.522, 
        0.0
    ], 
    "abort/h-large/24/0": [
        608717.7427305295, 
        24.192, 
        0.0
    ], 
    "abort/h-large/24/1": [
        605054.0700334617, 
        22.929, 
        0.0
    ], 
    "abort/h-large/24/2": [
        599652.8636878425, 
        23.41, 
        0.0
    ], 
    "abort/h-large/4/0": [
        709552.9473450781, 
        17.323, 
        0.0
    ], 
    "abort/h-large/4/1": [
        703033.6791525023, 
        17.291, 
        0.0
    ], 
    "abort/h-large/4/2": [
        709699.3963228414, 
        17.122, 
        0.0
    ], 
    "abort/h-small/12/0": [
        2254649.2012451077, 
        11.852, 
        0.0
    ], 
    "abort/h-small/12/1": [
        2223481.3060734416, 
        12.017, 
        0.0
    ], 
    "abort/h-small/12/2": [
        2260398.9696193216, 
        11.841, 
        0.0
    ], 
    "abort/h-small/13/0": [
        1601052.1979973014, 
        11.47, 
        0.0
    ], 
    "abort/h-small/13/1": [
        1582775.5128687234, 
        11.103, 
        0.0
    ], 
    "abort/h-small/13/2": [
        1661403.6909882776, 
        10.879, 
        0.0
    ], 
    "abort/h-small/24/0": [
        1607473.3820902135, 
        11.163, 
        0.0
    ], 
    "abort/h-small/24/1": [
        1624370.8622218156, 
        10.704, 
        0.0
    ], 
    "abort/h-small/24/2": [
        1621176.9370481772, 
        10.614, 
        0.0
    ], 
    "abort/h-small/4/0": [
        2330117.5381189752, 
        11.691, 
        0.0
    ], 
    "abort/h-small/4/1": [
        2300320.135553265, 
        11.688, 
        0.0
    ], 
    "abort/h-small/4/2": [
        2324154.472602867, 
        11.647, 
        0.0
    ], 
    "abort/l-large/12/0": [
        1820430.1034593636, 
        0.001, 
        0.0
    ], 
    "abort/l-large/12/1": [
        1822161.013587594, 
        0.001, 
        0.0
    ], 
    "abort/l-large/12/2": [
        1845897.5899264666, 
        0.001, 
        0.0
    ], 
    "abort/l-large/13/0": [
        1329339.1376235913, 
        0.001, 
        0.0
    ], 
    "abort/l-large/13/1": [
        1404031.5970282503, 
        0.001, 
        0.0
    ], 
    "abort/l-large/13/2": [
        1558094.4167437074, 
        0.001, 
        0.0
    ], 
    "abort/l-large/24/0": [
        1872303.5036435637, 
        0.003, 
        0.0
    ], 
    "abort/l-large/24/1": [
        2223469.24459068, 
        0.003, 
        0.0
    ], 
    "abort/l-large/24/2": [
        1894635.3519950034, 
        0.003, 
        0.0
    ], 
    "abort/l-large/4/0": [
        630475.769368456, 
        0.0, 
        0.0
    ], 
    "abort/l-large/4/1": [
        615185.6235337739, 
        0.0, 
        0.0
    ], 
    "abort/l-large/4/2": [
        596824.1790449491, 
        0.001, 
        0.0
    ], 
    "abort/l-small/12/0": [
        8198041.8149488075, 
        0.0, 
        0.0
    ], 
    "abort/l-small/12/1": [
        8556958.992469018, 
        0.0, 
        0.0
    ], 
    "abort/l-small/12/2": [
        7993454.95646363, 
        0.0, 
        0.0
    ], 
    "abort/l-small/13/0": [
        5317752.31282435, 
        0.0, 
        0.0
    ], 
    "abort/l-small/13/1": [
        5116822.738350653, 
        0.0, 
        0.0
    ], 
    "abort/l-small/13/2": [
        5623039.1751673, 
        0.0, 
        0.0
    ], 
    "abort/l-small/24/0": [
        11172192.814480972, 
        0.001, 
        0.0
    ], 
    "abort/l-small/24/1": [
        9747181.11071256, 
        0.001, 
        0.0
    ], 
    "abort/l-small/24/2": [
        9748939.070008218, 
        0.001, 
        0.0
    ], 
    "abort/l-small/4/0": [
        2773255.0609824923, 
        0.0, 
        0.0
    ], 
    "abort/l-small/4/1": [
        2842936.2983263633, 
        0.0, 
        0.0
    ], 
    "abort/l-small/4/2": [
        2741446.754661625, 
        0.0, 
        0.0
    ], 
    "none/h-large/12/0": [
        1640980.6310328578, 
        40.718, 
        0.0
    ], 
    "none/h-large/12/1": [
        1692517.970409964, 
        40.893, 
        0.0
    ], 
    "none/h-large/12/2": [
        1671532.0322142225, 
        40.606, 
        0.0
    ], 
    "none/h-large/13/0": [
        1200233.7542550175, 
        40.001, 
        0.0
    ], 
    "none/h-large/13/1": [
        1283389.7508490602, 
        40.522, 
        0.0
    ], 
    "none/h-large/13/2": [
        1243377.389209936, 
        40.105, 
        0.0
    ], 
    "none/h-large/24/0": [
        1502010.4079975134, 
        54.537, 
        0.0
    ], 
    "none/h-large/24/1": [
        1594050.9564586498, 
        55.036, 
        0.0
    ], 
    "none/h-large/24/2": [
        1553186.3180541906, 
        54.625, 
        0.0
    ], 
    "none/h-large/4/0": [
        828737.0847826275, 
        17.317, 
        0.0
    ], 
    "none/h-large/4/1": [
        814648.6138977316, 
        17.303, 
        0.0
    ], 
    "none/h-large/4/2": [
        795325.0306283839, 
        17.281, 
        0.0
    ], 
    "none/h-small/12/0": [
        5321858.691822748, 
        37.08, 
        0.0
    ], 
    "none/h-small/12/1": [
        5197594.967894443, 
        36.674, 
        0.0
    ], 
    "none/h-small/12/2": [
        5270259.544575609, 
        37.062, 
        0.0
    ], 
    "none/h-small/13/0": [
        3152428.821281173, 
        32.937, 
        0.0
    ], 
    "none/h-small/13/1": [
        3191625.936184052, 
        37.036, 
        0.0
    ], 
    "none/h-small/13/2": [
        2998651.505878409, 
        35.703, 
        0.0
    ], 
    "none/h-small/24/0": [
        2594984.095317032, 
        55.398, 
        0.0
    ], 
    "none/h-small/24/1": [
        2660486.5239490727, 
        56.863, 
        0.0
    ], 
    "none/h-small/24/2": [
        2615395.076981662, 
        55.825, 
        0.0
    ], 
    "none/h-small/4/0": [
        3496480.268138079, 
        13.159, 
        0.0
    ], 
    "none/h-small/4/1": [
        3344825.0372195407, 
        13.124, 
        0.0
    ], 
    "none/h-small/4/2": [
        3376257.951509508, 
        13.128, 
        0.0
    ], 
    "none/l-large/12/0": [
        1824243.7480790457, 
        0.001, 
        0.0
    ], 
    "none/l-large/12/1": [
        1763525.767366313, 
        0.001, 
        0.0
    ], 
    "none/l-large/12/2": [
        1816789.6989759232, 
        0.001, 
        0.0
    ], 
    "none/l-large/13/0": [
        1273620.7075874535, 
        0.002, 
        0.0
    ], 
    "none/l-large/13/1": [
        1330350.9511143884, 
        0.001, 
        0.0
    ], 
    "none/l-large/13/2": [
        1227569.3100741943, 
        0.001, 
        0.0
    ], 
    "none/l-large/24/0": [
        1930511.1403219362, 
        0.003, 
        0.0
    ], 
    "none/l-large/24/1": [
        1901530.3900289985, 
        0.003, 
        0.0
    ], 
    "none/l-large/24/2": [
        1938588.8950083777, 
        0.003, 
        0.0
    ], 
    "none/l-large/4/0": [
        611603.174541453, 
        0.001, 
        0.0
    ], 
    "none/l-large/4/1": [
        598055.981364007, 
        0.0, 
        0.0
    ], 
    "none/l-large/4/2": [
        617644.2580402202, 
        0.001, 
        0.0
    ], 
    "none/l-small/12/0": [
        7721754.197933349, 
        0.0, 
        0.0
    ], 
    "none/l-small/12/1": [
        7733919.049036934, 
        0.0, 
        0.0
    ], 
    "none/l-small/12/2": [
        7722183.525487077, 
        0.0, 
        0.0
    ],