{
    "gtid/c-small/12/0": [
        610581.1266931415, 
        84.558, 
        0.0
    ], 
    "gtid/c-small/12/1": [
        589505.4471777083, 
        84.681, 
        0.0
    ], 
    "gtid/c-small/12/2": [
        549794.6242181233, 
        84.678, 
        0.0
    ], 
    "gtid/c-small/12/3": [
        608954.5858416131, 
        84.651, 
        0.0
    ], 
    "gtid/c-small/12/4": [
        592644.6575232461, 
        84.677, 
        0.0
    ], 
    "gtid/c-small/4/0": [
        1342318.9656358515, 
        47.596, 
        0.0
    ], 
    "gtid/c-small/4/1": [
        1265282.1036074143, 
        47.958, 
        0.0
    ], 
    "gtid/c-small/4/2": [
        1304473.7361606208, 
        47.898, 
        0.0
    ], 
    "gtid/c-small/4/3": [
        1278624.8134406484, 
        47.735, 
        0.0
    ], 
    "gtid/c-small/4/4": [
        1312199.9162816454, 
        47.53, 
        0.0
    ], 
    "gtid/c-tiny/12/0": [
        15202073.56283397, 
        6.682, 
        0.0
    ], 
    "gtid/c-tiny/12/1": [
        14449648.993943188, 
        6.346, 
        0.0
    ], 
    "gtid/c-tiny/12/2": [
        14282517.722224073, 
        6.548, 
        0.0
    ], 
    "gtid/c-tiny/12/3": [
        14089269.6122633, 
        6.915, 
        0.0
    ], 
    "gtid/c-tiny/12/4": [
        14750096.49021454, 
        6.698, 
        0.0
    ], 
    "gtid/c-tiny/4/0": [
        13252829.755253365, 
        0.724, 
        0.0
    ], 
    "gtid/c-tiny/4/1": [
        13613051.286036298, 
        0.734, 
        0.0
    ], 
    "gtid/c-tiny/4/2": [
        13615259.983389383, 
        0.73, 
        0.0
    ], 
    "gtid/c-tiny/4/3": [
        13494275.05380842, 
        0.652, 
        0.0
    ], 
    "gtid/c-tiny/4/4": [
        13132551.216949746, 
        0.712, 
        0.0
    ], 
    "gtid/u-small/12/0": [
        6591128.6703661205, 
        0.005, 
        0.0
    ], 
    "gtid/u-small/12/1": [
        6685896.046573952, 
        0.005, 
        0.0
    ], 
    "gtid/u-small/12/2": [
        6346959.726953792, 
        0.005, 
        0.0
    ], 
    "gtid/u-small/12/3": [
        6531220.04823306, 
        0.005, 
        0.0
    ], 
    "gtid/u-small/12/4": [
        6310883.592070796, 
        0.005, 
        0.0
    ], 
    "gtid/u-small/4/0": [
        2299277.8351532756, 
        0.001, 
        0.0
    ], 
    "gtid/u-small/4/1": [
        2346922.470785216, 
        0.001, 
        0.0
    ], 
    "gtid/u-small/4/2": [
        2329571.4636813984, 
        0.001, 
        0.0
    ], 
    "gtid/u-small/4/3": [
        2294076.522363518, 
        0.001, 
        0.0
    ], 
    "gtid/u-small/4/4": [
        2329883.5524200504, 
        0.001, 
        0.0
    ], 
    "gtid/u-tiny/12/0": [
        17226405.20811651, 
        0.0, 
        0.0
    ], 
    "gtid/u-tiny/12/1": [
        17197052.425214317, 
        0.0, 
        0.0
    ], 
    "gtid/u-tiny/12/2": [
        17699558.83849595, 
        0.0, 
        0.0
    ], 
    "gtid/u-tiny/12/3": [
        16505781.149847733, 
        0.0, 
        0.0
    ], 
    "gtid/u-tiny/12/4": [
        16547570.127223235, 
        0.0, 
        0.0
    ], 
    "gtid/u-tiny/4/0": [
        13497690.207763197, 
        0.0, 
        0.0
    ], 
    "gtid/u-tiny/4/1": [
        13930664.759713447, 
        0.0, 
        0.0
    ], 
    "gtid/u-tiny/4/2": [
        15081250.235644534, 
        0.0, 
        0.0
    ], 
    "gtid/u-tiny/4/3": [
        14060001.054500079, 
        0.0, 
        0.0
    ], 
    "gtid/u-tiny/4/4": [
        15990874.540928643, 
        0.0, 
        0.0
    ], 
    "none/c-small/12/0": [
        603531.6256607162, 
        84.458, 
        0.0
    ], 
    "none/c-small/12/1": [
        545296.5333908924, 
        84.545, 
        0.0
    ], 
    "none/c-small/12/2": [
        608469.1914047844, 
        84.449, 
        0.0
    ], 
    "none/c-small/12/3": [
        544803.6289369724, 
        84.628, 
        0.0
    ], 
    "none/c-small/12/4": [
        603356.5023906241, 
        84.555, 
        0.0
    ], 
    "none/c-small/4/0": [
        1371041.2326940321, 
        47.227, 
        0.0
    ], 
    "none/c-small/4/1": [
        1306022.373904628, 
        47.665, 
        0.0
    ], 
    "none/c-small/4/2": [
        1319592.707710765, 
        47.629, 
        0.0
    ], 
    "none/c-small/4/3": [
        1372193.392820204, 
        47.629, 
        0.0
    ], 
    "none/c-small/4/4": [
        1296775.643008904, 
        47.73, 
        0.0
    ], 
    "none/c-tiny/12/0": [
        22383382.576775, 
        7.558, 
        0.0
    ], 
    "none/c-tiny/12/1": [
        20050158.81396627, 
        7.699, 
        0.0
    ], 
    "none/c-tiny/12/2": [
        22010352.20231916, 
        7.455, 
        0.0
    ], 
    "none/c-tiny/12/3": [
        22357318.388708062, 
        7.179, 
        0.0
    ], 
    "none/c-tiny/12/4": [
        22016288.38402278, 
        7.651, 
        0.0
    ], 
    "none/c-tiny/4/0": [
        16248295.621490538, 
        0.723, 
        0.0
    ], 
    "none/c-tiny/4/1": [
        16219306.651672818, 
        0.731, 
        0.0
    ], 
    "none/c-tiny/4/2": [
        16865586.89431461, 
        0.75, 
        0.0
    ], 
    "none/c-tiny/4/3": [
        16073681.75717489, 
        0.737, 
        0.0
    ], 
    "none/c-tiny/4/4": [
        17558620.18509712, 
        0.821, 
        0.0
    ], 
    "none/u-small/12/0": [
        6948091.38824603, 
        0.005, 
        0.0
    ], 
    "none/u-small/12/1": [
        6998655.674889115, 
        0.005, 
        0.0
    ], 
    "none/u-small/12/2": [
        7127342.445640651, 
        0.005, 
        0.0
    ], 
    "none/u-small/12/3": [
        7121987.176862088, 
        0.005, 
        0.0
    ], 
    "none/u-small/12/4": [
        7244193.9294862235, 
        0.005, 
        0.0
    ], 
    "none/u-small/4/0": [
        2443488.7236049767, 
        0.002, 
        0.0
    ], 
    "none/u-small/4/1": [
        2417519.2787089483, 
        0.002, 
        0.0
    ], 
    "none/u-small/4/2": [
        2432475.000744946, 
        0.001, 
        0.0
    ], 
    "none/u-small/4/3": [
        2415481.302765686, 
        0.001, 
        0.0
    ], 
    "none/u-small/4/4": [
        2438527.2677135128, 
        0.002, 
        0.0
    ], 
    "none/u-tiny/12/0": [
        38279831.95153773, 
        0.0, 
        0.0
    ], 
    "none/u-tiny/12/1": [
        41868595.41329537, 
        0.0, 
        0.0
    ], 
    "none/u-tiny/12/2": [
        44974139.869574994, 
        0.0, 
        0.0
    ], 
    "none/u-tiny/12/3": [
        39849104.72344721, 
        0.0, 
        0.0
    ], 
    "none/u-tiny/12/4": [
        46828354.56869134, 
        0.0, 
        0.0
    ], 
    "none/u-tiny/4/0": [
        19099612.437030967, 
        0.0, 
        0.0
    ], 
    "none/u-tiny/4/1": [
        17085668.968011357, 
        0.0, 
        0.0
    ], 
    "none/u-tiny/4/2": [
        18602199.71011572, 
        0.0, 
        0.0
    ], 
    "none/u-tiny/4/3": [
        17126244.685512196, 
        0.0, 
        0.0
    ], 
    "none/u-tiny/4/4": [
        17606460.397201747, 
        0.0, 
        0.0
    ]
}