{
    "gtid/c-small/12/0": [
        605632.7344402479, 
        84.652, 
        0.0
    ], 
    "gtid/c-small/12/1": [
        590044.8985127051, 
        84.77, 
        0.0
    ], 
    "gtid/c-small/12/2": [
        609219.9287544973, 
        84.667, 
        0.0
    ], 
    "gtid/c-small/13/0": [
        333210.63078600133, 
        83.828, 
        0.0
    ], 
    "gtid/c-small/13/1": [
        325202.9777009854, 
        84.439, 
        0.0
    ], 
    "gtid/c-small/13/2": [
        316949.3041869688, 
        83.49, 
        0.0
    ], 
    "gtid/c-small/24/0": [
        183955.67720859603, 
        91.948, 
        0.0
    ], 
    "gtid/c-small/24/1": [
        178286.12778482813, 
        91.679, 
        0.0
    ], 
    "gtid/c-small/24/2": [
        171279.11816225873, 
        92.436, 
        0.0
    ], 
    "gtid/c-small/4/0": [
        1276580.1945918738, 
        47.963, 
        0.0
    ], 
    "gtid/c-small/4/1": [
        1253232.9737270211, 
        47.361, 
        0.0
    ], 
    "gtid/c-small/4/2": [
        1298632.350898427, 
        47.899, 
        0.0
    ], 
    "gtid/c-tiny/12/0": [
        14184464.229145292, 
        6.851, 
        0.0
    ], 
    "gtid/c-tiny/12/1": [
        14284472.896998238, 
        6.527, 
        0.0
    ], 
    "gtid/c-tiny/12/2": [
        14786920.47594168, 
        6.719, 
        0.0
    ], 
    "gtid/c-tiny/13/0": [
        6531369.350569617, 
        7.718, 
        0.0
    ], 
    "gtid/c-tiny/13/1": [
        8107576.733146544, 
        6.708, 
        0.0
    ], 
    "gtid/c-tiny/13/2": [
        8956928.370697409, 
        6.439, 
        0.0
    ], 
    "gtid/c-tiny/24/0": [
        6627736.081339995, 
        19.636, 
        0.0
    ], 
    "gtid/c-tiny/24/1": [
        6372954.878948377, 
        20.689, 
        0.0
    ], 
    "gtid/c-tiny/24/2": [
        6526506.317658115, 
        21.984, 
        0.0
    ], 
    "gtid/c-tiny/4/0": [
        13704058.571146334, 
        0.718, 
        0.0
    ], 
    "gtid/c-tiny/4/1": [
        13671770.414516686, 
        0.807, 
        0.0
    ], 
    "gtid/c-tiny/4/2": [
        12767723.195761116, 
        0.778, 
        0.0
    ], 
    "gtid/u-small/12/0": [
        6672100.7220324995, 
        0.005, 
        0.0
    ], 
    "gtid/u-small/12/1": [
        6776621.108948867, 
        0.005, 
        0.0
    ], 
    "gtid/u-small/12/2": [
        6814341.007795607, 
        0.005, 
        0.0
    ], 
    "gtid/u-small/13/0": [
        5104918.844552669, 
        0.005, 
        0.0
    ], 
    "gtid/u-small/13/1": [
        4738833.038670062, 
        0.005, 
        0.0
    ], 
    "gtid/u-small/13/2": [
        4507409.617985766, 
        0.005, 
        0.0
    ], 
    "gtid/u-small/24/0": [
        6436331.805777251, 
        0.008, 
        0.0
    ], 
    "gtid/u-small/24/1": [
        6617801.5552936625, 
        0.008, 
        0.0
    ], 
    "gtid/u-small/24/2": [
        6525076.139482203, 
        0.008, 
        0.0
    ], 
    "gtid/u-small/4/0": [
        2379182.1561338287, 
        0.002, 
        0.0
    ], 
    "gtid/u-small/4/1": [
        2418642.4119830835, 
        0.001, 
        0.0
    ], 
    "gtid/u-small/4/2": [
        2376933.7594119147, 
        0.001, 
        0.0
    ], 
    "gtid/u-tiny/12/0": [
        17520012.964809597, 
        0.0, 
        0.0
    ], 
    "gtid/u-tiny/12/1": [
        16697046.014275974, 
        0.0, 
        0.0
    ], 
    "gtid/u-tiny/12/2": [
        17961651.87325061, 
        0.0, 
        0.0
    ], 
    "gtid/u-tiny/13/0": [
        12822745.84142324, 
        0.0, 
        0.0
    ], 
    "gtid/u-tiny/13/1": [
        11570547.556878883, 
        0.0, 
        0.0
    ], 
    "gtid/u-tiny/13/2": [
        13118625.168082384, 
        0.0, 
        0.0
    ], 
    "gtid/u-tiny/24/0": [
        11711910.427309053, 
        0.0, 
        0.0
    ], 
    "gtid/u-tiny/24/1": [
        12540456.033683665, 
        0.0, 
        0.0
    ], 
    "gtid/u-tiny/24/2": [
        11514635.101213643, 
        0.0, 
        0.0
    ], 
    "gtid/u-tiny/4/0": [
        14079879.851691931, 
        0.0, 
        0.0
    ], 
    "gtid/u-tiny/4/1": [
        15474546.305645501, 
        0.0, 
        0.0
    ], 
    "gtid/u-tiny/4/2": [
        13554191.351296403, 
        0.0, 
        0.0
    ], 
    "none/c-small/12/0": [
        601855.076012964, 
        84.511, 
        0.0
    ], 
    "none/c-small/12/1": [
        581598.5928070312, 
        84.614, 
        0.0
    ], 
    "none/c-small/12/2": [
        541990.1015935389, 
        84.536, 
        0.0
    ], 
    "none/c-small/13/0": [
        329712.4793520095, 
        83.774, 
        0.0
    ], 
    "none/c-small/13/1": [
        327370.9975523253, 
        83.399, 
        0.0
    ], 
    "none/c-small/13/2": [
        325248.97504219686, 
        83.252, 
        0.0
    ], 
    "none/c-small/24/0": [
        181001.3944889264, 
        91.75, 
        0.0
    ], 
    "none/c-small/24/1": [
        169961.87093691426, 
        91.552, 
        0.0
    ], 
    "none/c-small/24/2": [
        181068.34245282074, 
        91.654, 
        0.0
    ], 
    "none/c-small/4/0": [
        1307472.3564258292, 
        47.184, 
        0.0
    ], 
    "none/c-small/4/1": [
        1320302.8425325234, 
        47.361, 
        0.0
    ], 
    "none/c-small/4/2": [
        1312526.9667210004, 
        47.351, 
        0.0
    ], 
    "none/c-tiny/12/0": [
        21225826.87861834, 
        7.314, 
        0.0
    ], 
    "none/c-tiny/12/1": [
        22301765.18471437, 
        6.848, 
        0.0
    ], 
    "none/c-tiny/12/2": [
        20001566.789398503, 
        7.511, 
        0.0
    ], 
    "none/c-tiny/13/0": [
        12334714.82139333, 
        5.221, 
        0.0
    ], 
    "none/c-tiny/13/1": [
        12601494.537252119, 
        5.699, 
        0.0
    ], 
    "none/c-tiny/13/2": [
        11885942.495810205, 
        5.296, 
        0.0
    ], 
    "none/c-tiny/24/0": [
        8468541.837066667, 
        18.329, 
        0.0
    ], 
    "none/c-tiny/24/1": [
        8193967.601052106, 
        14.121, 
        0.0
    ], 
    "none/c-tiny/24/2": [
        7571536.82637772, 
        16.281, 
        0.0
    ], 
    "none/c-tiny/4/0": [
        15863866.870429223, 
        0.711, 
        0.0
    ], 
    "none/c-tiny/4/1": [
        16596087.195842128, 
        0.782, 
        0.0
    ], 
    "none/c-tiny/4/2": [
        17417809.710428916, 
        0.735, 
        0.0
    ], 
    "none/u-small/12/0": [
        7166399.61874754, 
        0.005, 
        0.0
    ], 
    "none/u-small/12/1": [
        7148422.700531128, 
        0.005, 
        0.0
    ], 
    "none/u-small/12/2": [
        7122701.593229635, 
        0.005, 
        0.0
    ], 
    "none/u-small/13/0": [
        5421021.365600457, 
        0.005, 
        0.0
    ], 
    "none/u-small/13/1": [
        4678384.460278177, 
        0.005, 
        0.0
    ], 
    "none/u-small/13/2": [
        5046197.942160479, 
        0.005, 
        0.0
    ], 
    "none/u-small/24/0": [
        8216566.789732578, 
        0.01, 
        0.0
    ], 
    "none/u-small/24/1": [
        9620194.712740986, 
        0.01, 
        0.0
    ], 
    "none/u-small/24/2": [
        7782262.666929535, 
        0.01, 
        0.0
    ], 
    "none/u-small/4/0": [
        2451213.1973318546, 
        0.002, 
        0.0
    ], 
    "none/u-small/4/1": [
        2478013.310648498, 
        0.001, 
        0.0
    ], 
    "none/u-small/4/2": [
        2431786.8587454045, 
        0.002, 
        0.0
    ], 
    "none/u-tiny/12/0": [
        40632100.03623029, 
        0.0, 
        0.0
    ], 
    "none/u-tiny/12/1": [
        48005952.73813953, 
        0.0, 
        0.0
    ], 
    "none/u-tiny/12/2": [
        47464036.104310125, 
        0.0, 
        0.0
    ], 
    "none/u-tiny/13/0": [
        26236504.59794743, 
        0.0, 
        0.0
    ],