{
    "gtid/c-small/12/0": [
        561941.2372428803, 
        82.966, 
        0.0
    ], 
    "gtid/c-small/12/1": [
        595060.7871950059, 
        83.042, 
        0.0
    ], 
    "gtid/c-small/12/2": [
        594620.5275493141, 
        83.03, 
        0.0
    ], 
    "gtid/c-small/12/3": [
        601944.8235303442, 
        82.964, 
        0.0
    ], 
    "gtid/c-small/12/4": [
        594644.3063228877, 
        83.065, 
        0.0
    ], 
    "gtid/c-small/4/0": [
        1035268.0451318203, 
        47.47, 
        0.0
    ], 
    "gtid/c-small/4/1": [
        1078275.6216258958, 
        47.567, 
        0.0
    ], 
    "gtid/c-small/4/2": [
        1066545.5070970606, 
        48.029, 
        0.0
    ], 
    "gtid/c-small/4/3": [
        1057406.4182102303, 
        47.902, 
        0.0
    ], 
    "gtid/c-small/4/4": [
        1054450.4134148587, 
        47.906, 
        0.0
    ], 
    "gtid/c-tiny/12/0": [
        14361127.300622674, 
        8.57, 
        0.0
    ], 
    "gtid/c-tiny/12/1": [
        13885080.134268725, 
        8.563, 
        0.0
    ], 
    "gtid/c-tiny/12/2": [
        13623498.718823474, 
        9.071, 
        0.0
    ], 
    "gtid/c-tiny/12/3": [
        14159943.643424299, 
        8.822, 
        0.0
    ], 
    "gtid/c-tiny/12/4": [
        13683197.489589367, 
        9.035, 
        0.0
    ], 
    "gtid/c-tiny/4/0": [
        12632124.123251636, 
        0.917, 
        0.0
    ], 
    "gtid/c-tiny/4/1": [
        12901796.897762936, 
        0.94, 
        0.0
    ], 
    "gtid/c-tiny/4/2": [
        12446686.692002589, 
        0.951, 
        0.0
    ], 
    "gtid/c-tiny/4/3": [
        12520998.75833429, 
        0.963, 
        0.0
    ], 
    "gtid/c-tiny/4/4": [
        11866595.73079441, 
        1.012, 
        0.0
    ], 
    "gtid/u-small/12/0": [
        5485516.180215663, 
        0.005, 
        0.0
    ], 
    "gtid/u-small/12/1": [
        5199525.28334163, 
        0.005, 
        0.0
    ], 
    "gtid/u-small/12/2": [
        5123550.142050427, 
        0.005, 
        0.0
    ], 
    "gtid/u-small/12/3": [
        5330080.799583187, 
        0.005, 
        0.0
    ], 
    "gtid/u-small/12/4": [
        5636078.416637704, 
        0.006, 
        0.0
    ], 
    "gtid/u-small/4/0": [
        1851209.0709244476, 
        0.001, 
        0.0
    ], 
    "gtid/u-small/4/1": [
        1927228.4944587364, 
        0.001, 
        0.0
    ], 
    "gtid/u-small/4/2": [
        1913955.880446022, 
        0.002, 
        0.0
    ], 
    "gtid/u-small/4/3": [
        1920953.7151004733, 
        0.002, 
        0.0
    ], 
    "gtid/u-small/4/4": [
        1905183.161927709, 
        0.001, 
        0.0
    ], 
    "gtid/u-tiny/12/0": [
        17181343.351965543, 
        0.0, 
        0.0
    ], 
    "gtid/u-tiny/12/1": [
        17361085.9937992, 
        0.0, 
        0.0
    ], 
    "gtid/u-tiny/12/2": [
        17458583.14868457, 
        0.0, 
        0.0
    ], 
    "gtid/u-tiny/12/3": [
        17512777.030241646, 
        0.0, 
        0.0
    ], 
    "gtid/u-tiny/12/4": [
        17484224.130269125, 
        0.0, 
        0.0
    ], 
    "gtid/u-tiny/4/0": [
        12704233.791779725, 
        0.0, 
        0.0
    ], 
    "gtid/u-tiny/4/1": [
        14202040.596533045, 
        0.0, 
        0.0
    ], 
    "gtid/u-tiny/4/2": [
        12764463.73296742, 
        0.0, 
        0.0
    ], 
    "gtid/u-tiny/4/3": [
        12421665.869609773, 
        0.0, 
        0.0
    ], 
    "gtid/u-tiny/4/4": [
        12448068.21541382, 
        0.0, 
        0.0
    ], 
    "none/c-small/12/0": [
        590467.5218506197, 
        82.891, 
        0.0
    ], 
    "none/c-small/12/1": [
        562269.3904807699, 
        82.646, 
        0.0
    ], 
    "none/c-small/12/2": [
        588426.9078406267, 
        83.0, 
        0.0
    ], 
    "none/c-small/12/3": [
        590362.4220149689, 
        82.988, 
        0.0
    ], 
    "none/c-small/12/4": [
        609911.364630935, 
        82.844, 
        0.0
    ], 
    "none/c-small/4/0": [
        1077129.2781330908, 
        47.832, 
        0.0
    ], 
    "none/c-small/4/1": [
        1112554.3413261091, 
        47.583, 
        0.0
    ], 
    "none/c-small/4/2": [
        1090423.951380177, 
        47.692, 
        0.0
    ], 
    "none/c-small/4/3": [
        1075659.177389644, 
        47.69, 
        0.0
    ], 
    "none/c-small/4/4": [
        1085377.710086388, 
        46.796, 
        0.0
    ], 
    "none/c-tiny/12/0": [
        17796206.73853368, 
        10.876, 
        0.0
    ], 
    "none/c-tiny/12/1": [
        17042331.73182755, 
        9.973, 
        0.0
    ], 
    "none/c-tiny/12/2": [
        18980434.335605714, 
        10.952, 
        0.0
    ], 
    "none/c-tiny/12/3": [
        18810281.07262493, 
        11.466, 
        0.0
    ], 
    "none/c-tiny/12/4": [
        17414068.82620469, 
        11.205, 
        0.0
    ], 
    "none/c-tiny/4/0": [
        14007825.705294024, 
        0.971, 
        0.0
    ], 
    "none/c-tiny/4/1": [
        14570391.992112562, 
        1.053, 
        0.0
    ], 
    "none/c-tiny/4/2": [
        15120853.420967078, 
        0.986, 
        0.0
    ], 
    "none/c-tiny/4/3": [
        15151515.15151515, 
        0.997, 
        0.0
    ], 
    "none/c-tiny/4/4": [
        14333030.348997343, 
        1.019, 
        0.0
    ], 
    "none/u-small/12/0": [
        5457105.3330471385, 
        0.005, 
        0.0
    ], 
    "none/u-small/12/1": [
        5468906.3053299505, 
        0.006, 
        0.0
    ], 
    "none/u-small/12/2": [
        5601940.138601336, 
        0.005, 
        0.0
    ], 
    "none/u-small/12/3": [
        5758019.241380965, 
        0.005, 
        0.0
    ], 
    "none/u-small/12/4": [
        5539751.87451354, 
        0.005, 
        0.0
    ], 
    "none/u-small/4/0": [
        1915032.8643577434, 
        0.001, 
        0.0
    ], 
    "none/u-small/4/1": [
        1956176.7503502779, 
        0.001, 
        0.0
    ], 
    "none/u-small/4/2": [
        1911915.8081500828, 
        0.002, 
        0.0
    ], 
    "none/u-small/4/3": [
        1889866.1596785714, 
        0.002, 
        0.0
    ], 
    "none/u-small/4/4": [
        2020949.1589820075, 
        0.001, 
        0.0
    ], 
    "none/u-tiny/12/0": [
        41349510.18059399, 
        0.0, 
        0.0
    ], 
    "none/u-tiny/12/1": [
        39654739.4022709, 
        0.0, 
        0.0
    ], 
    "none/u-tiny/12/2": [
        41063967.395209886, 
        0.0, 
        0.0
    ], 
    "none/u-tiny/12/3": [
        39326726.44329086, 
        0.0, 
        0.0
    ], 
    "none/u-tiny/12/4": [
        41222664.22078858, 
        0.0, 
        0.0
    ], 
    "none/u-tiny/4/0": [
        14708495.99499911, 
        0.0, 
        0.0
    ], 
    "none/u-tiny/4/1": [
        14548029.105756897, 
        0.0, 
        0.0
    ], 
    "none/u-tiny/4/2": [
        14749208.151887346, 
        0.0, 
        0.0
    ], 
    "none/u-tiny/4/3": [
        14735823.52377748, 
        0.0, 
        0.0
    ], 
    "none/u-tiny/4/4": [
        14535348.51405132, 
        0.0, 
        0.0
    ]
}
