{
    "STO/12/0": [
        703259.567168, 
        0.015344867556450897
    ], 
    "STO/12/1": [
        702309.891184, 
        0.014895922375935513
    ], 
    "STO/12/2": [
        703631.798938, 
        0.014839550035126917
    ], 
    "STO/16/0": [
        761022.68966, 
        0.015235492976253892
    ], 
    "STO/16/1": [
        757298.923184, 
        0.015464467837937946
    ], 
    "STO/16/2": [
        760158.51827, 
        0.015257223634796396
    ], 
    "STO/4/0": [
        247400.280185, 
        0.014697288574852804
    ], 
    "STO/4/1": [
        246790.630574, 
        0.015192692152797213
    ], 
    "STO/4/2": [
        246105.742265, 
        0.015397445035392986
    ], 
    "STO/8/0": [
        482353.33372, 
        0.014730928017218052
    ], 
    "STO/8/1": [
        481952.363072, 
        0.014715519911744203
    ], 
    "STO/8/2": [
        483207.821657, 
        0.015049720580208795
    ], 
    "STO/O gv7/12/0": [
        306189.635053, 
        0.012561128095335557
    ], 
    "STO/O gv7/12/1": [
        305141.459578, 
        0.011490325790690927
    ], 
    "STO/O gv7/12/2": [
        305627.704964, 
        0.01179920927400421
    ], 
    "STO/O gv7/16/0": [
        325462.985632, 
        0.012308792455640557
    ], 
    "STO/O gv7/16/1": [
        326520.428864, 
        0.012422029176740984
    ], 
    "STO/O gv7/16/2": [
        325493.388132, 
        0.011928794936422744
    ], 
    "STO/O gv7/4/0": [
        105039.929158, 
        0.011930395272783887
    ], 
    "STO/O gv7/4/1": [
        104699.284855, 
        0.01289219367787908
    ], 
    "STO/O gv7/4/2": [
        104775.582559, 
        0.012373855856190068
    ], 
    "STO/O gv7/8/0": [
        207504.521655, 
        0.012479834937740035
    ], 
    "STO/O gv7/8/1": [
        207709.739169, 
        0.012756328008895179
    ], 
    "STO/O gv7/8/2": [
        205621.395905, 
        0.01183234398490937
    ], 
    "STO/O/12/0": [
        641517.262721, 
        0.00529434291192057
    ], 
    "STO/O/12/1": [
        642343.727568, 
        0.00540168560316999
    ], 
    "STO/O/12/2": [
        639708.790863, 
        0.005220730087542335
    ], 
    "STO/O/16/0": [
        692425.627896, 
        0.005063942591777883
    ], 
    "STO/O/16/1": [
        691664.318958, 
        0.005088765003884262
    ], 
    "STO/O/16/2": [
        692556.797838, 
        0.0053565176034584905
    ], 
    "STO/O/4/0": [
        225035.818092, 
        0.005169245388192696
    ], 
    "STO/O/4/1": [
        225040.728151, 
        0.005169144160931197
    ], 
    "STO/O/4/2": [
        224696.756274, 
        0.006408199860930114
    ], 
    "STO/O/8/0": [
        439537.155313, 
        0.005725301684053749
    ], 
    "STO/O/8/1": [
        439332.122572, 
        0.005310736603700164
    ], 
    "STO/O/8/2": [
        439463.572772, 
        0.005726271406204644
    ], 
    "TicToc/12/0": [
        555684.063852, 
        0.015269800743380043
    ], 
    "TicToc/12/1": [
        555186.678535, 
        0.015313485176859432
    ], 
    "TicToc/12/2": [
        555894.181913, 
        0.015425898090681756
    ], 
    "TicToc/16/0": [
        607255.688692, 
        0.015531545725767119
    ], 
    "TicToc/16/1": [
        607266.328204, 
        0.0147410246761156
    ], 
    "TicToc/16/2": [
        609670.797729, 
        0.015311462838992904
    ], 
    "TicToc/4/0": [
        200615.443938, 
        0.015151006581450787
    ], 
    "TicToc/4/1": [
        200779.10897, 
        0.015868897567635657
    ], 
    "TicToc/4/2": [
        201403.348588, 
        0.015505174328769201
    ], 
    "TicToc/8/0": [
        383973.819024, 
        0.014998567894373005
    ], 
    "TicToc/8/1": [
        380051.3305, 
        0.015030553532855364
    ], 
    "TicToc/8/2": [
        384210.103164, 
        0.014616394288459376
    ]
}