{
    "STO/12/0": [
        421859.068539, 
        33.02227048676145
    ], 
    "STO/12/1": [
        421183.219516, 
        33.075509260672106
    ], 
    "STO/12/2": [
        418638.299325, 
        33.19494914830784
    ], 
    "STO/16/0": [
        390327.017529, 
        40.92381329155305
    ], 
    "STO/16/1": [
        385821.23636, 
        41.14151391881717
    ], 
    "STO/16/2": [
        388843.0069, 
        40.84525897264771
    ], 
    "STO/4/0": [
        247760.978611, 
        0.01476987640249095
    ], 
    "STO/4/1": [
        241621.086958, 
        0.01424884190101816
    ], 
    "STO/4/2": [
        247348.753244, 
        0.015212303937037663
    ], 
    "STO/8/0": [
        363147.720168, 
        19.810354100477777
    ], 
    "STO/8/1": [
        362675.813031, 
        19.7539994958464
    ], 
    "STO/8/2": [
        363124.34605, 
        19.865740068175107
    ], 
    "STO/O gv7/12/0": [
        300153.225776, 
        17.15117883798567
    ], 
    "STO/O gv7/12/1": [
        300325.445653, 
        17.098616840654294
    ], 
    "STO/O gv7/12/2": [
        299774.832026, 
        17.119494171709217
    ], 
    "STO/O gv7/16/0": [
        290059.496063, 
        19.850746818552167
    ], 
    "STO/O gv7/16/1": [
        290244.146824, 
        19.71645624249661
    ], 
    "STO/O gv7/16/2": [
        290265.992079, 
        19.814569609564316
    ], 
    "STO/O gv7/4/0": [
        105293.145038, 
        0.011838331145480708
    ], 
    "STO/O gv7/4/1": [
        104970.212352, 
        0.0121606255880946
    ], 
    "STO/O gv7/4/2": [
        104978.270781, 
        0.012159517938188279
    ], 
    "STO/O gv7/8/0": [
        214168.931281, 
        10.001311064891128
    ], 
    "STO/O gv7/8/1": [
        214309.580453, 
        10.03830501965471
    ], 
    "STO/O gv7/8/2": [
        214600.595674, 
        10.146627181151722
    ], 
    "STO/O/12/0": [
        402556.376562, 
        29.719786456701698
    ], 
    "STO/O/12/1": [
        403258.872976, 
        29.891639892615295
    ], 
    "STO/O/12/2": [
        404179.662516, 
        29.868049513583905
    ], 
    "STO/O/16/0": [
        361877.124528, 
        34.879891005338564
    ], 
    "STO/O/16/1": [
        361491.301635, 
        34.750310526908955
    ], 
    "STO/O/16/2": [
        361577.82688, 
        34.84481368868925
    ], 
    "STO/O/4/0": [
        225332.010943, 
        0.005576604566373666
    ], 
    "STO/O/4/1": [
        225250.623005, 
        0.00535668424299189
    ], 
    "STO/O/4/2": [
        225540.424203, 
        0.005069017887238093
    ], 
    "STO/O/8/0": [
        311090.394359, 
        16.80633541355653
    ], 
    "STO/O/8/1": [
        311535.368778, 
        16.766871546949634
    ], 
    "STO/O/8/2": [
        312085.452273, 
        16.847253969080388
    ], 
    "TicToc/12/0": [
        374420.422127, 
        19.73515247016021
    ], 
    "TicToc/12/1": [
        375710.43456, 
        19.7891693199252
    ], 
    "TicToc/12/2": [
        373655.350193, 
        19.87761866149689
    ], 
    "TicToc/16/0": [
        351143.039517, 
        24.63409635023821
    ], 
    "TicToc/16/1": [
        350977.43178, 
        24.608984980887257
    ], 
    "TicToc/16/2": [
        351489.610603, 
        24.580600790264203
    ], 
    "TicToc/4/0": [
        200280.001496, 
        0.015043061655049586
    ], 
    "TicToc/4/1": [
        200102.346213, 
        0.014790176970483291
    ], 
    "TicToc/4/2": [
        200939.353393, 
        0.015027046396824622
    ], 
    "TicToc/8/0": [
        319345.378738, 
        11.973393092862384
    ], 
    "TicToc/8/1": [
        320211.47172, 
        11.979977220057979
    ], 
    "TicToc/8/2": [
        319028.996779, 
        11.961885814935822
    ]
}